ID,target
test_0,0.00018151051114891984
test_1,0.007474638898904042
test_2,0.0007079888827254552
test_3,0.004438317458656454
test_4,0.007716105205812744
test_5,0.10136360931579708
test_6,0.9374250992158869
test_7,0.029452874299494957
test_8,0.008103362625918528
test_9,0.004298713276763409
test_10,0.006801717533920893
test_11,0.00012732101170142405
test_12,0.0010722731882872748
test_13,0.8083745482294746
test_14,0.020431870775397407
test_15,0.0008327300640451357
test_16,0.003469947986212069
test_17,0.5063613672578914
test_18,0.09525101208301794
test_19,0.0011751801193855282
test_20,0.0030414077254525282
test_21,0.0005075306960922567
test_22,0.00010832675503249468
test_23,0.0007260840117647317
test_24,0.015911016022291457
test_25,0.05160405000259611
test_26,0.0055576609447991025
test_27,0.00043084865071616406
test_28,0.047128339926994375
test_29,0.03488966562974498
test_30,0.0024050565854038678
test_31,0.19780235255158374
test_32,0.007703847165841074
test_33,0.3491210609933397
test_34,0.002199282646921164
test_35,2.638566696354191e-05
test_36,0.9524111354120288
test_37,0.0007756573375834318
test_38,0.0029738066022410043
test_39,0.0012932030203279877
test_40,0.8005114870680372
test_41,0.0003679164560721666
test_42,0.026456696451879043
test_43,9.515928689718593e-05
test_44,8.546843647344345e-05
test_45,0.00026727142107937994
test_46,9.110459530224393e-05
test_47,0.000245450812427482
test_48,0.06534237601959837
test_49,0.005445421150920004
test_50,0.0011878621145919631
test_51,0.013258585920622828
test_52,0.00021602424986703498
test_53,7.562485930823028e-05
test_54,0.025924789154720164
test_55,0.03824122581270083
test_56,0.00017847231046237588
test_57,0.000266559003145937
test_58,0.000217992053164045
test_59,0.0008695891066529234
test_60,0.18893416087374473
test_61,0.6117522533381129
test_62,0.012146764312335424
test_63,0.00018113415779184202
test_64,0.028080185998823448
test_65,0.342109236751538
test_66,0.9047411973489469
test_67,0.014307107560389266
test_68,0.003434656116805447
test_69,0.0038612900086795214
test_70,0.0021399570428291756
test_71,4.2906371599546434e-05
test_72,0.01314943090892911
test_73,0.019145165330474643
test_74,0.020988664411507072
test_75,0.006904462912259081
test_76,0.0003427572486109659
test_77,0.00024934512919603944
test_78,0.0026724743184979253
test_79,0.03365400748986324
test_80,0.0009416358255416363
test_81,0.01322036865111992
test_82,0.2754228825624323
test_83,0.0018008081208901734
test_84,0.026043368868574328
test_85,0.008713323924390576
test_86,0.002599266672746536
test_87,0.14307720778536595
test_88,0.0002998173870869543
test_89,0.007895344682684801
test_90,0.004916311104954926
test_91,0.0035479066628097216
test_92,0.002617484388374992
test_93,0.0005055039094588705
test_94,0.0028369795506999573
test_95,4.122152551785373e-05
test_96,0.02917271934839766
test_97,0.0014528074440423742
test_98,0.004287696291756159
test_99,0.0008392592022328984
test_100,0.0004634397621549117
test_101,0.0015970442838339068
test_102,0.00044320522254757776
test_103,0.005603481292461639
test_104,0.0015270822769680697
test_105,0.0038928570590889603
test_106,0.0029039663567565644
test_107,0.011257806771445767
test_108,0.17884136279761798
test_109,5.313760947322083e-05
test_110,0.4794918682358042
test_111,0.0004905478419711161
test_112,0.00012784102927559205
test_113,0.0015653654052069585
test_114,0.013376045254984084
test_115,0.10136360931579708
test_116,0.07247150931560302
test_117,0.1251833666014335
test_118,0.008110219423062339
test_119,0.0003976120236976299
test_120,0.006068538974454823
test_121,0.00041923747230693037
test_122,0.0010179079893328188
test_123,0.004391302108705474
test_124,0.5058584348601323
test_125,0.9588253691560625
test_126,0.0017007804556871617
test_127,0.005538668355070025
test_128,0.0002918391832248926
test_129,0.005489292289719222
test_130,0.17330995668811613
test_131,0.026880375251231603
test_132,0.09525101208301794
test_133,2.841885469567455e-05
test_134,0.0010471602672678753
test_135,0.0004066158484279121
test_136,0.002775251611634346
test_137,0.00511060261314945
test_138,0.00011166578551425904
test_139,0.002170832722530337
test_140,5.39952730908946e-05
test_141,0.00014899632218113955
test_142,0.01627036530154785
test_143,0.001050721538812405
test_144,0.003165959739483702
test_145,0.0004125655166051756
test_146,0.00786835562596314
test_147,0.009588537283131512
test_148,6.575456762901913e-05
test_149,0.9588491483834078
test_150,0.018449895388177175
test_151,0.17239123084937608
test_152,0.0006504186724854118
test_153,0.017822725768225817
test_154,0.9136850578511694
test_155,0.0005600322316841641
test_156,0.08397303709709744
test_157,0.00036746604382704084
test_158,0.005774947631452755
test_159,0.17239123084937608
test_160,0.0003345594136170383
test_161,0.0005654934653740231
test_162,0.009014436245526258
test_163,0.0009359555995202768
test_164,0.03377381226032492
test_165,0.0004499474024115723
test_166,0.36085073342852425
test_167,0.0005025476846403647
test_168,9.54502149570599e-05
test_169,0.00037187632941222286
test_170,0.00010329558702208656
test_171,0.000862042160546039
test_172,0.00015134855100846324
test_173,0.0007818948060399444
test_174,0.00016857529641570447
test_175,0.00937495928522354
test_176,0.02708079265524249
test_177,0.007502405659125733
test_178,0.10159149903678266
test_179,0.00023930193854837764
test_180,0.7031068553251609
test_181,0.8628700315527748
test_182,0.004438317458656454
test_183,0.00013139366853030782
test_184,0.12709649917259244
test_185,0.004201223756735393
test_186,0.022511855245078847
test_187,0.0011916492939007728
test_188,0.001993402916431056
test_189,0.5931008831631561
test_190,0.008528390216157977
test_191,0.00010541120815590836
test_192,0.9748834074370778
test_193,0.0005415804785527198
test_194,0.00020447203117668634
test_195,0.00015781466358169636
test_196,0.0051157947429802935
test_197,0.002694791760118356
test_198,0.011591535407484201
test_199,0.0002749394339309304
test_200,0.0946063807666034
test_201,0.0036438012479397927
test_202,0.0003390707337994708
test_203,0.019327411358934683
test_204,0.0018230302869729799
test_205,0.0048120042185349635
test_206,0.021411311417549504
test_207,0.0007209006435514992
test_208,0.0029701296362672986
test_209,0.00018087706491621682
test_210,0.5112934507544085
test_211,0.001685824151044115
test_212,0.006904326887065511
test_213,0.0010763585384606514
test_214,0.0029641610034161635
test_215,0.9606191784637705
test_216,0.018841914692094796
test_217,0.025227497292639327
test_218,0.1617567457991226
test_219,0.001265652756046146
test_220,0.0042532907554933014
test_221,0.028143375330666954
test_222,0.2019864218973832
test_223,0.00010112705980619111
test_224,0.00011872491154072605
test_225,0.00044995810943621614
test_226,0.0005349753493834723
test_227,0.008163167111763191
test_228,0.001971780269536282
test_229,0.10404990719586268
test_230,0.47754205559054164
test_231,0.03975494230849213
test_232,0.0006976562979778512
test_233,0.0021635485207231165
test_234,0.002003126670769392
test_235,0.0009676342271077611
test_236,0.0006902229392485405
test_237,0.08697996360385679
test_238,0.0005011161613995262
test_239,0.9499118903076446
test_240,0.0009071023744852447
test_241,0.003586294338632917
test_242,0.9503668658576754
test_243,0.0030751319785747165
test_244,0.00022075623410486864
test_245,0.0019099463950599709
test_246,0.005752865936162036
test_247,0.0266684388866375
test_248,0.01793147663495078
test_249,7.997642321045412e-05
test_250,0.10634176648531442
test_251,7.691875352696812e-05
test_252,0.7601796671310397
test_253,0.00291166323810461
test_254,0.0013850264202405268
test_255,0.007713354729308631
test_256,0.00253933771875792
test_257,0.01058289810720762
test_258,0.004861082589158524
test_259,0.08163988443901167
test_260,0.0006718170697772881
test_261,0.0016342695590091973
test_262,0.9595740594550755
test_263,0.00024257408792089345
test_264,0.0009102978719482065
test_265,9.113215984251445e-05
test_266,0.7514135645376062
test_267,0.0002998173870869543
test_268,0.000497335254530756
test_269,0.0013638610798944399
test_270,0.05021440452764769
test_271,0.0017790887626924986
test_272,0.25174015511383013
test_273,0.0001058182749154179
test_274,0.03404510799465513
test_275,0.0005642887119859362
test_276,0.0006136460609666827
test_277,0.00044995810943621614
test_278,0.058771206803790964
test_279,0.16549243199111163
test_280,0.0007703006145661309
test_281,0.004538369013849794
test_282,0.000273448468770403
test_283,0.026800835985825226
test_284,0.002638934422258205
test_285,0.0008716506422558246
test_286,0.051926040191134865
test_287,0.0003123440909848841
test_288,0.001493411821516667
test_289,0.002379969971778308
test_290,0.0017125932381762104
test_291,0.038077005067881475
test_292,3.091536714721564e-05
test_293,6.652286197375959e-05
test_294,0.866462476554098
test_295,0.0049300258912255215
test_296,0.00015475137111863992
test_297,0.14076481950338604
test_298,0.0034828227423920914
test_299,0.021826287897514424
test_300,0.0050339347029635115
test_301,0.9754410567621098
test_302,0.0015326566153349408
test_303,0.07668245362005738
test_304,0.07548974089229434
test_305,0.4865332277988917
test_306,0.007975863747835942
test_307,0.001717955273342315
test_308,0.13793133335252913
test_309,0.2801261344093165
test_310,0.0034932563338703434
test_311,0.0018722452342762495
test_312,0.145859492711974
test_313,0.00868031655389968
test_314,0.5107430143741278
test_315,0.0021832054309584396
test_316,0.008449899458905487
test_317,0.012364442821330151
test_318,0.0004098702773413002
test_319,0.0023497795798099012
test_320,0.004746553562155111
test_321,0.0001868182326690163
test_322,0.020603611449015825
test_323,0.005143434780184029
test_324,0.0015982137085002524
test_325,0.0002759055791546042
test_326,0.0039099592324924074
test_327,7.275046744873291e-05
test_328,0.0003245427665194152
test_329,0.12869269085496793
test_330,0.9251051717175698
test_331,0.006724325400046813
test_332,0.0003917755732140675
test_333,2.3698934296098873e-05
test_334,0.1064906035981542
test_335,0.9690394127065427
test_336,0.0900519957587412
test_337,0.09231871565579633
test_338,0.00011683127708474707
test_339,0.00022718837977311272
test_340,0.0017905532368127993
test_341,0.0003838705330614551
test_342,0.9030133066735497
test_343,0.025287637201514702
test_344,0.9601282321767753
test_345,0.004565096275707441
test_346,0.0002808752106813197
test_347,0.0005746732442037853
test_348,0.000100242439142596
test_349,0.001647964887566193
test_350,0.000321863916613779
test_351,0.907789072662951
test_352,0.6227924367226376
test_353,0.9335179435753815
test_354,0.0045640529380662955
test_355,0.020603611449015825
test_356,0.4987417449874464
test_357,0.0009355995094555964
test_358,0.003389904779884372
test_359,0.0028052283189938434
test_360,0.9574710540254182
test_361,0.00022484388979767924
test_362,0.1064906035981542
test_363,0.001719279992655511
test_364,0.0008198887541297675
test_365,0.683987856289082
test_366,0.0011817040939225728
test_367,0.017069155268966987
test_368,0.00041553802242046286
test_369,0.0006540574539960902
test_370,0.005317636789554293
test_371,0.0394081340487915
test_372,0.04127586782924729
test_373,0.04232149603915089
test_374,0.0006957905236257667
test_375,0.22021130315190873
test_376,0.0017019434786062868
test_377,0.013314344374952077
test_378,0.003089017503050897
test_379,0.1825783771449734
test_380,0.002444278889451192
test_381,0.003015431064449434
test_382,0.00015983299205579295
test_383,0.0008359185278325619
test_384,0.9812544941958293
test_385,0.00937495928522354
test_386,0.0037398084509746524
test_387,0.3875972654247932
test_388,0.7456873092304509
test_389,0.4846444681156763
test_390,0.0025276169142390845
test_391,0.003970657561105481
test_392,0.005240803690933927
test_393,0.00019090042818676193
test_394,0.019458949258330683
test_395,0.00010626813944953244
test_396,0.0008280288559435226
test_397,0.0004976582684309797
test_398,0.02946230376680466
test_399,0.0002265642628536379
test_400,0.011983520261796513
test_401,0.003414817494989101
test_402,0.8595576632111701
test_403,0.014423481869907797
test_404,0.010559949097551348
test_405,0.4962743982129051
test_406,0.049034151904951154
test_407,0.5597446161213292
test_408,0.012738428007584327
test_409,0.0018089977768310042
test_410,0.007598208693006279
test_411,0.008839983738117788
test_412,0.675736065555019
test_413,0.00010108983544258288
test_414,0.03707329843639436
test_415,0.9498172939049668
test_416,0.003260771299488414
test_417,0.00010736713392125246
test_418,0.019149934169450922
test_419,0.008282602006487344
test_420,0.003194258032494819
test_421,0.00014042250553963966
test_422,0.976758440075765
test_423,9.798089290858359e-05
test_424,0.0011751801193855282
test_425,0.0025437008255781222
test_426,0.057985909724895764
test_427,0.09716072204769474
test_428,0.1212113594367648
test_429,0.0015263849040909809
test_430,0.00018766527910940743
test_431,0.003249105249683405
test_432,0.7514135645376062
test_433,0.0037804805920536194
test_434,0.09443094168845374
test_435,0.10038760501680351
test_436,0.002010007058083607
test_437,0.18556084122892125
test_438,0.011812365382487078
test_439,0.005639948140406784
test_440,0.0028413952758404716
test_441,0.024352928064612322
test_442,0.009517160822737764
test_443,0.006600084022841778
test_444,0.0010124318132415206
test_445,2.6369326839051033e-05
test_446,0.004921191310660009
test_447,0.0016962437858246977
test_448,0.011472209137106459
test_449,0.0002455082135134228
test_450,0.00018087706491621682
test_451,0.025227497292639327
test_452,0.00016204409137348565
test_453,0.0004327397381667666
test_454,0.042274176403469324
test_455,0.7989000894823127
test_456,0.002125580410947262
test_457,6.329497611663206e-05
test_458,0.05017730816553387
test_459,0.0012400725032752093
test_460,0.15274248728584708
test_461,0.004120924672277059
test_462,0.001574240149735762
test_463,0.0007254302715629073
test_464,0.1533007882222913
test_465,6.928858963379203e-05
test_466,7.273700609458509e-05
test_467,0.015743785347918173
test_468,0.08000440910022405
test_469,0.0008112623972546279
test_470,0.006902128055715685
test_471,0.007477620865350575
test_472,0.02992889017339737
test_473,0.07132066582291732
test_474,0.8246081873664598
test_475,0.006321393418244284
test_476,0.0018078006124330145
test_477,0.004051712821671258
test_478,0.00025308613478034034
test_479,0.0010929878583693221
test_480,6.698926011663676e-05
test_481,0.11041882388852531
test_482,0.4401972431548631
test_483,0.015291792754208219
test_484,0.5667091932487031
test_485,7.577917580759077e-05
test_486,0.5378608648602387
test_487,0.0015903623998580728
test_488,0.06552306521172664
test_489,0.0032191805571982314
test_490,0.0011996724869203566
test_491,0.019747200655055915
test_492,0.0003411139832985881
test_493,0.0001643160156151896
test_494,2.586354115694994e-05
test_495,0.0044799556030296
test_496,0.01534117610200853
test_497,0.008929650098309986
test_498,0.015835934771341424
test_499,7.890492596938318e-05
test_500,0.010925743447705773
test_501,0.0100442962621497
test_502,0.04038832058917879
test_503,0.0009998644467902982
test_504,0.0016192175857540705
test_505,0.9456392949381126
test_506,0.014947797612282524
test_507,0.00016409843665319456
test_508,0.0116603951255519
test_509,0.0013323755615581685
test_510,0.0004010357424645645
test_511,0.0010665183863064036
test_512,0.0003478374817755181
test_513,0.0010985686481694852
test_514,0.001543703903127918
test_515,0.001078768515441511
test_516,0.0051157947429802935
test_517,0.00010012006311995533
test_518,0.0002885603841308096
test_519,0.01096876865759125
test_520,0.0005854262208767569
test_521,0.0028969347105404645
test_522,0.0005805126722731092
test_523,0.263829775713357
test_524,0.00287030512573841
test_525,0.011935574743802291
test_526,0.002971028991895798
test_527,0.0015263849040909809
test_528,0.0003056426008887845
test_529,0.9698469933198992
test_530,0.010215680618184217
test_531,0.007102071715683811
test_532,0.4448393708635512
test_533,0.0056163010399101505
test_534,0.022354168845724033
test_535,0.008631211281025543
test_536,0.0015442440105630393
test_537,0.6741209201663244
test_538,3.478241920752791e-05
test_539,0.0025276169142390845
test_540,0.295579093399379
test_541,0.02495785100973713
test_542,0.0022924772833563373
test_543,0.000236173544191275
test_544,0.7162536875489425
test_545,8.440160488601257e-05
test_546,0.6204987556948148
test_547,0.0009830007658015326
test_548,0.0022646278005586684
test_549,0.04187046793028222
test_550,0.002101795675713873
test_551,0.013074238702512106
test_552,0.005275447540816065
test_553,0.0014188737423982845
test_554,0.00017869885821649164
test_555,0.009641246678121173
test_556,7.049082225799528e-05
test_557,0.004607789023203675
test_558,0.5144533097558205
test_559,0.2174104869652662
test_560,0.0007721619859432947
test_561,0.0010517716183042216
test_562,0.025936993911036352
test_563,0.0003907321121936686
test_564,0.3620252410144696
test_565,0.0005953977196428795
test_566,0.2247659439765051
test_567,7.118600413212435e-05
test_568,0.5781557245739983
test_569,0.00027502370131860817
test_570,0.00014488651230133834
test_571,0.00016913857777830593
test_572,0.005245097732931004
test_573,0.21443251081052878
test_574,0.000324600167401243
test_575,0.0014427905140121401
test_576,0.01465462288855044
test_577,0.002638934422258205
test_578,0.05541160390353327
test_579,0.9364856818462072
test_580,0.0001203449388601163
test_581,0.6541511561727186
test_582,0.016577991545421097
test_583,0.00018577832581839957
test_584,0.005080175003183651
test_585,0.030435767330760862
test_586,0.1185170388628259
test_587,0.00252854436604263
test_588,0.14378018741683077
test_589,0.20504600277896032
test_590,0.23116036464609904
test_591,0.0003603398231895528
test_592,0.0005968424499887186
test_593,0.01207037520037072
test_594,0.09665454912248261
test_595,0.25804057496346783
test_596,0.2253630140354276
test_597,0.8883184991629245
test_598,7.011369969892327e-05
test_599,9.376292706568534e-05
test_600,0.9207009405541885
test_601,0.4538719242980609
test_602,0.0001342007982061473
test_603,0.8519740892585034
test_604,0.0001263082369970423
test_605,0.0058366595237392665
test_606,0.0339548999556438
test_607,0.0007027071555507307
test_608,0.0007702031437527625
test_609,0.003943956226632382
test_610,0.6873556700958902
test_611,0.000777572027252974
test_612,0.0009287713113771949
test_613,0.0006273173473106058
test_614,0.0032902058534927617
test_615,0.0008667077286835937
test_616,0.031166485585601134
test_617,0.07757179759395555
test_618,0.0017625796054234267
test_619,8.546843647344345e-05
test_620,0.0036438012479397927
test_621,0.0004098702773413002
test_622,0.2453618357854984
test_623,0.5766600129519407
test_624,0.00018014798113799948
test_625,0.025592474256301737
test_626,0.0001634656308958322
test_627,0.014278687829480972
test_628,0.0023583651490002053
test_629,0.0006869584115280804
test_630,0.005721695439212182
test_631,0.0028059104264514163
test_632,0.001309563071374523
test_633,0.0002105915943020562
test_634,0.00041685653702146057
test_635,0.8268189549858969
test_636,0.0009905310208480097
test_637,0.10825834795082194
test_638,0.004650097906394773
test_639,0.806476679453904
test_640,0.0011396924777418618
test_641,0.8268189549858969
test_642,0.000955408331455583
test_643,0.0007214071580426793
test_644,0.008908746251611248
test_645,0.2930040390843926
test_646,0.03625183917186112
test_647,0.00023481254552660838
test_648,0.0004890605242587372
test_649,0.007842299319527036
test_650,0.0011501316258613306
test_651,0.009260873739129084
test_652,0.027220186658073412
test_653,0.9684139404089492
test_654,0.4227614993178894
test_655,0.00024271124234371918
test_656,0.575286621750768
test_657,0.030850654405031857
test_658,0.0024914974823116477
test_659,0.004582738649885506
test_660,0.0005143345726134011
test_661,0.0033099095782846023
test_662,0.5933928020871023
test_663,0.0501114857778929
test_664,0.00047870355842558125
test_665,0.0007422780273778884
test_666,0.07455968107820177
test_667,0.00041712275600709956
test_668,0.003837802024921472
test_669,0.0028814817365170396
test_670,0.00881210807216591
test_671,0.026293402137826275
test_672,0.0012454567147153106
test_673,0.00010736430734954735
test_674,0.00012732101170142405
test_675,0.00039125379027352304
test_676,0.0011207942940011722
test_677,0.005148594396169736
test_678,0.9403055817318664
test_679,0.000519939867050601
test_680,0.0022060131808550295
test_681,0.0011458760400742004
test_682,0.0021364124438919027
test_683,6.919180763500143e-05
test_684,0.005155367302091366
test_685,0.006107259463682844
test_686,0.002064323558661808
test_687,0.44609437425696885
test_688,0.6078942289083188
test_689,0.008528390216157977
test_690,0.0013986338992031044
test_691,0.0023151283052017537
test_692,0.01755302856249695
test_693,0.037397390591247595
test_694,0.001905682170257377
test_695,0.0003966927599587637
test_696,0.1550385000098367
test_697,0.028956646015192766
test_698,0.933671116429769
test_699,0.3102510019883408
test_700,0.4968213194925164
test_701,0.00327505968083704
test_702,0.00040376426762893234
test_703,0.667594245839133
test_704,0.006184499861975813
test_705,0.00295758516804946
test_706,0.00010642302284210381
test_707,0.22069360796531837
test_708,0.005799725795930405
test_709,0.0025058230079474304
test_710,0.017540395518216043
test_711,0.10723199750502835
test_712,0.001550157263468057
test_713,0.009143615082554133
test_714,0.0005312947065498816
test_715,0.0016487830644980033
test_716,0.00010177516249623819
test_717,0.6392397639183418
test_718,0.006703513635362515
test_719,0.0002749924362916726
test_720,0.0013018638513499863
test_721,0.0005270437548034417
test_722,4.7666217766809475e-05
test_723,0.008035383809137283
test_724,0.0003095767610057793
test_725,0.003948976821901541
test_726,0.0006366077760078035
test_727,0.0020232324054611167
test_728,0.0043480264387573235
test_729,0.00023062772789100985
test_730,0.001184086665289066
test_731,0.028418335581797252
test_732,0.00047723684022763093
test_733,0.004143449373670041
test_734,0.0021175222580645855
test_735,0.0022591046766669257
test_736,0.00021914437386350436
test_737,0.45503816214051335
test_738,0.035416920204250024
test_739,0.0059737975333460525
test_740,0.9592899341888806
test_741,0.02724928608590636
test_742,9.718226743791841e-05
test_743,0.1395670655602271
test_744,0.0044322924088990735
test_745,0.002106936784254377
test_746,0.00012848455962910597
test_747,0.0009222020855790389
test_748,0.001307654832656089
test_749,0.5014786009504187
test_750,0.00038810556261112574
test_751,0.00011861306463102
test_752,9.542964378313758e-05
test_753,0.02660887182142974
test_754,0.0009395469447450439
test_755,0.0048120042185349635
test_756,0.0008198887541297675
test_757,0.02008213256440105
test_758,0.06427087461556717
test_759,0.05731852796436405
test_760,0.04319907815649802
test_761,0.00026933432963641347
test_762,0.017905256938211666
test_763,0.0021635485207231165
test_764,0.0029864502214282064
test_765,0.031438678936169515
test_766,0.008335503729259569
test_767,0.0012236689709271495
test_768,0.0029193079959495493
test_769,0.0037591601276898857
test_770,0.010265441672812415
test_771,0.8883184991629245
test_772,0.04390792117878465
test_773,0.0016527646636906141
test_774,0.0005737102938283936
test_775,0.45894357220001936
test_776,0.045809437653682526
test_777,0.004277911464495241
test_778,0.0007222247036797866
test_779,0.007750936046740181
test_780,0.0005993794671524543
test_781,0.002592861833305183
test_782,0.0010548977122865231
test_783,0.00013162580250902238
test_784,0.004143449373670041
test_785,0.007673838852209938
test_786,0.022497376776445907
test_787,2.1979420429652383e-05
test_788,0.9486722916856491
test_789,0.0021500054244696456
test_790,0.08555052100009897
test_791,0.003880483550289372
test_792,0.5863249711333199
test_793,0.3780427095808752
test_794,0.00042095446012754167
test_795,0.11884927324919935
test_796,0.0017905532368127993
test_797,0.002080284599612127
test_798,0.0001008193552663264
test_799,0.00154415142317033
test_800,0.3646011658113936
test_801,0.00042982037137375567
test_802,0.0004952949750772875
test_803,0.0007702031437527625
test_804,0.0035320803716447796
test_805,0.22371114255594599
test_806,0.46175045738133313
test_807,0.012933896173275028
test_808,0.006735741377839211
test_809,5.76460041292148e-05
test_810,0.003536754942401864
test_811,0.001887430904223922
test_812,0.00019103232033174263
test_813,0.0028285169631329875
test_814,0.001921955023503625
test_815,0.17983541768215858
test_816,0.5126538171340412
test_817,0.004831906417390333
test_818,0.00015134855100846324
test_819,0.004618998325686881
test_820,0.00015215748792171886
test_821,0.06049910698396658
test_822,0.010107047277995508
test_823,0.0005328026979070158
test_824,0.009464735034013455
test_825,0.0003636453160357377
test_826,0.012162413695877835
test_827,0.5106860943828402
test_828,5.805457056576936e-05
test_829,0.01713134097298538
test_830,0.6392693985604195
test_831,0.5652068839940788
test_832,0.0031122498317260267
test_833,0.00101484027922064
test_834,0.00046612857684611163
test_835,0.007990350935655123
test_836,0.5063613672578914
test_837,0.004159927463581681
test_838,0.4705578976185557
test_839,6.0370497706654745e-05
test_840,0.05307741396988062
test_841,0.004618998325686881
test_842,0.0008102472144678092
test_843,0.0019623032712433974
test_844,0.0004781815865858169
test_845,0.0021049308216211774
test_846,0.017253045466443236
test_847,0.0018265370910840373
test_848,0.00010971610950831537
test_849,0.11244663012254011
test_850,0.28016701466867233
test_851,0.35698024667636646
test_852,0.0010251437806768654
test_853,0.0009265851917216848
test_854,0.002021515896755319
test_855,0.010357018924104924
test_856,0.0002488610108164869
test_857,0.00024538866816015825
test_858,0.0019099463950599709
test_859,0.0024697308844208675
test_860,0.00025551228447460045
test_861,0.0005171748295271967
test_862,0.0833979295680606
test_863,0.17607144900110022
test_864,0.7272220564429556
test_865,0.010365013357870049
test_866,0.05420609856992587
test_867,0.0018404011243941104
test_868,0.0002928752887505553
test_869,0.02145470314398643
test_870,0.000862042160546039
test_871,0.00011478773685399902
test_872,0.06332723372742295
test_873,0.001507567340434691
test_874,0.11400963877032756
test_875,0.0025960663500151633
test_876,0.00011709781573475606
test_877,0.0016604782167797304
test_878,0.00013284847187008676
test_879,0.5388797586033656
test_880,0.0019586356052701858
test_881,0.00018198026845315046
test_882,0.04741753856616803
test_883,0.00047464569511487836
test_884,0.22366297495038218
test_885,0.7919412083219027
test_886,0.38979272985537544
test_887,0.0008359185278325619
test_888,0.002549460804209885
test_889,0.29561199685141853
test_890,0.02363542451874937
test_891,0.00011773818905441106
test_892,0.00024271124234371918
test_893,0.0580943404972386
test_894,0.2700712263607639
test_895,0.00011516155128397408
