id,path,mtime,bass_ratio,bass_rms_h,bass_rms_p,centroid,bandwidth,rolloff,zcr,tempo,bass_beat_mean,bass_beat_var
4ee398b7487cfd1d,C:\Users\ghwns\HJ_git\ML-Projects\bass_seeker\data\audio_raw\Another_One_Bites.wav,1754445416.4408844,0.5589619719911231,9.51154509274232,13.957254821712045,2153.6268756803343,2086.1236921129444,4149.849845063674,0.10917156289496098,112.34714673913044,-25.53310203552246,464.5748291015625
3e709c9a80b7bf6a,C:\Users\ghwns\HJ_git\ML-Projects\bass_seeker\data\candidates\Another_One_Bites\(FREE) Michael Jackson 80s type beat - Starlight Lover [8MZR9cvKURg].wav,1754895741.9434352,0.7213536449251287,26.656536212560766,23.367805230467486,1996.1577418239142,2308.255213093756,4349.971901102269,0.07971678388879654,112.34714673913044,-22.688695907592773,439.69580078125
87373a0cdeff4b5d,C:\Users\ghwns\HJ_git\ML-Projects\bass_seeker\data\candidates\Another_One_Bites\Got 2 Grind [s4SgL1W6syU].wav,1754895692.9077408,0.9542225166585196,82.07658866114015,23.390503663262464,2152.1457985435254,2270.918112061732,4653.64264068455,0.07615215686324198,143.5546875,-16.251317977905273,514.928955078125
fead21820be00a71,C:\Users\ghwns\HJ_git\ML-Projects\bass_seeker\data\candidates\Another_One_Bites\His Wishlist： 43. In the Disco was One (Instrumental) [qKej0y7RDy0].wav,1754895653.514727,0.9532694044577685,57.40773210185302,17.214036687599812,1559.2378306018331,2031.146970516143,3423.815448184594,0.051004896685320704,107.666015625,-16.52804946899414,594.1679077148438
d0f947c8ab1f58b0,C:\Users\ghwns\HJ_git\ML-Projects\bass_seeker\data\candidates\Another_One_Bites\Miss - Hip Hop [Audio] [zuijRF0bdiY].wav,1754895642.1692717,0.42836090787675857,26.83694730632859,13.405441864482954,2375.622976942161,2363.0308490165257,4826.973089916736,0.10657766208887894,117.45383522727273,-19.472702026367188,576.6121215820312
c444c40fc597bd20,C:\Users\ghwns\HJ_git\ML-Projects\bass_seeker\data\candidates\Another_One_Bites\TELEFILME - Hi-Fi Ghost [Audio] [-jid6dr145s].wav,1754895709.3369296,0.6267439721756368,29.85348949387556,8.92124089594806,2328.0668091173557,2643.4308570691046,5253.216581686717,0.07796098498184109,117.45383522727273,-19.874174118041992,711.6007080078125
d408942a35e2b8d9,C:\Users\ghwns\HJ_git\ML-Projects\bass_seeker\data\audio_raw\Billie_Jean.wav,1754445397.6840737,0.5209825167881572,30.030853681698154,17.045068576951216,2826.778005091339,2888.163365071901,6267.3582065246,0.11393112974502687,117.45383522727273,-18.818958282470703,569.4879150390625
332def5452b041e9,C:\Users\ghwns\HJ_git\ML-Projects\bass_seeker\data\candidates\Billie_Jean\(FREE) Michael Jackson 80s type beat - Starlight Lover [8MZR9cvKURg].wav,1754896219.1342387,0.7213536449251287,26.656536212560766,23.367805230467486,1996.1577418239142,2308.255213093756,4349.971901102269,0.07971678388879654,112.34714673913044,-22.688695907592773,439.69580078125
4965dd7c602748a3,C:\Users\ghwns\HJ_git\ML-Projects\bass_seeker\data\candidates\Billie_Jean\Got 2 Grind [s4SgL1W6syU].wav,1754896188.7296283,0.9534331025317022,81.83794485903223,23.415908022862517,2173.762859123988,2279.7383573484017,4692.79621656853,0.07719823949550024,143.5546875,-16.546165466308594,521.9382934570312
c7d60928d0bad756,C:\Users\ghwns\HJ_git\ML-Projects\bass_seeker\data\candidates\Billie_Jean\His Wishlist： 43. In the Disco was One (Instrumental) [qKej0y7RDy0].wav,1754896132.0968733,0.9532694044577685,57.40773210185302,17.214036687599812,1559.2378306018331,2031.146970516143,3423.815448184594,0.051004896685320704,107.666015625,-16.52804946899414,594.1679077148438
52020d92199ee18e,C:\Users\ghwns\HJ_git\ML-Projects\bass_seeker\data\candidates\Billie_Jean\Miss - Hip Hop [Audio] [zuijRF0bdiY].wav,1754896113.8429444,0.4253026000646469,26.84735246672672,13.402124014520494,2391.948046818956,2372.0425318502816,4857.4129974431635,0.10778528924148854,117.45383522727273,-19.29290008544922,579.5924682617188
574de401ec225028,C:\Users\ghwns\HJ_git\ML-Projects\bass_seeker\data\candidates\Billie_Jean\TELEFILME - Hi-Fi Ghost [Audio] [-jid6dr145s].wav,1754896172.4154816,0.6267439721756368,29.85348949387556,8.92124089594806,2328.0668091173557,2643.4308570691046,5253.216581686717,0.07796098498184109,117.45383522727273,-19.874174118041992,711.6007080078125
0eb09d3e1cfcdac2,C:\Users\ghwns\HJ_git\ML-Projects\bass_seeker\data\audio_raw\Brick_House.wav,1754445448.4727745,0.14842533298837352,4.174725533789221,6.255077283398668,2734.845390331498,2467.304787185713,5451.951683080517,0.15694307887660053,107.666015625,-31.100540161132812,505.0177917480469
6777ed8eafd86259,C:\Users\ghwns\HJ_git\ML-Projects\bass_seeker\data\candidates\Brick_House\(FREE) Michael Jackson 80s type beat - Starlight Lover [8MZR9cvKURg].wav,1754896655.7577286,0.7213536449251287,26.656536212560766,23.367805230467486,1996.1577418239142,2308.255213093756,4349.971901102269,0.07971678388879654,112.34714673913044,-22.688695907592773,439.69580078125
d01755ffcd70d17e,C:\Users\ghwns\HJ_git\ML-Projects\bass_seeker\data\candidates\Brick_House\Got 2 Grind [s4SgL1W6syU].wav,1754896623.6621428,0.9534331025317022,81.83794485903223,23.415908022862517,2173.762859123988,2279.7383573484017,4692.79621656853,0.07719823949550024,143.5546875,-16.546165466308594,521.9382934570312
f259836649ee9389,C:\Users\ghwns\HJ_git\ML-Projects\bass_seeker\data\candidates\Brick_House\His Wishlist： 43. In the Disco was One (Instrumental) [qKej0y7RDy0].wav,1754896555.8531423,0.9532694044577685,57.40773210185302,17.214036687599812,1559.2378306018331,2031.146970516143,3423.815448184594,0.051004896685320704,107.666015625,-16.52804946899414,594.1679077148438
db78f800cde150b2,C:\Users\ghwns\HJ_git\ML-Projects\bass_seeker\data\candidates\Brick_House\Miss - Hip Hop [Audio] [zuijRF0bdiY].wav,1754896539.0267127,0.42836090787675857,26.83694730632859,13.405441864482954,2375.622976942161,2363.0308490165257,4826.973089916736,0.10657766208887894,117.45383522727273,-19.472702026367188,576.6121215820312
0b60b994756f83cd,C:\Users\ghwns\HJ_git\ML-Projects\bass_seeker\data\candidates\Brick_House\TELEFILME - Hi-Fi Ghost [Audio] [-jid6dr145s].wav,1754896605.2686777,0.6267439721756368,29.85348949387556,8.92124089594806,2328.0668091173557,2643.4308570691046,5253.216581686717,0.07796098498184109,117.45383522727273,-19.874174118041992,711.6007080078125
0bc5016a9a41e808,C:\Users\ghwns\HJ_git\ML-Projects\bass_seeker\data\audio_raw\Come_Together.wav,1754445436.0344386,0.6541993155924761,32.01804034019826,8.807830222590662,1995.6579472288183,2281.711646276872,4261.127218690164,0.06422288441796623,172.265625,-19.337162017822266,639.9331665039062
1b78b3b1000b3951,C:\Users\ghwns\HJ_git\ML-Projects\bass_seeker\data\candidates\Come_Together\311 - Starshines (1997 CD Audio) [LbhmimByFOc].wav,1754897054.5350785,0.486238796001753,22.449945680004603,17.800001611602397,2528.457615405719,2633.252510680774,5541.86923162876,0.10930660318674432,83.35433467741936,-16.00848960876465,593.9628295898438
5f5c3a1fa4e213b4,C:\Users\ghwns\HJ_git\ML-Projects\bass_seeker\data\candidates\Come_Together\Dudja - Sweet (Instrumental) {Album Version} [Official Audio] [260mcrN_gRk].wav,1754897153.8827252,0.4945841257362377,18.25432462272,15.697594544620705,2874.968365909798,2447.4133975286777,5581.329520026039,0.13686507056680117,161.4990234375,-26.91877555847168,401.24420166015625
1f61802d9ba86bfd,C:\Users\ghwns\HJ_git\ML-Projects\bass_seeker\data\candidates\Come_Together\Red Hot Lover Tone - 98 (Instrumental) [NPiJV_UfIMc].wav,1754897127.2641234,0.5569744229902824,24.99630587941323,17.596757486066533,2071.5845348870007,2357.75931049344,4358.407587991617,0.09383313991825969,184.5703125,-19.729650497436523,514.5513305664062
65b31dda76727afa,C:\Users\ghwns\HJ_git\ML-Projects\bass_seeker\data\candidates\Come_Together\Takanashi Sachiko - Around (Official Audio) [wTaOrxDyFBQ].wav,1754897204.3301435,0.455230579383156,35.76593900036914,19.3937889302804,2789.0941386306067,2610.2968504157952,5956.672495955846,0.11924650642932699,117.45383522727273,-17.228591918945312,589.5859375
35430e916e311038,C:\Users\ghwns\HJ_git\ML-Projects\bass_seeker\data\candidates\Come_Together\Takanashi Sachiko - Can't Keep It In! (Official Audio) [n2P2fp9XjOk].wav,1754897233.2075481,0.5556550337914962,31.0093950370917,31.80699988523312,3241.571277037548,2782.6062456935542,6487.009634285276,0.1631644738589677,123.046875,-19.233095169067383,493.6278991699219
356ac50614897f9a,C:\Users\ghwns\HJ_git\ML-Projects\bass_seeker\data\audio_raw\Feel_Good_Inc.wav,1754445388.3799994,0.3560015766227755,7.754235863586173,7.918536985884904,2534.907913276519,2364.272901115947,5043.428874368591,0.13349526150437815,92.28515625,-27.77347755432129,413.7432556152344
f6890214a5ca969f,C:\Users\ghwns\HJ_git\ML-Projects\bass_seeker\data\candidates\Feel_Good_Inc\Bouncy Funk Rock Bass Jam with Trills & Harmonics [VsaEJ2gfqME].wav,1754897708.8528893,0.25305126706352926,20.677389665027256,15.75980810522999,1081.242770039561,1562.5856127263228,2158.022365308263,0.043646655036407765,143.5546875,-17.697248458862305,563.4742431640625
bcb3e4396b19c0e2,C:\Users\ghwns\HJ_git\ML-Projects\bass_seeker\data\candidates\Feel_Good_Inc\Funky Alien – Aloe 141 [TGDP67M4JA8].wav,1754897816.8074005,0.27109818776789185,13.44018925215676,8.55455684475003,2470.7167819915644,2593.3182361826002,5290.733039729548,0.09294307021646178,103.359375,-25.31686019897461,423.107666015625
6b056e17f78f6764,C:\Users\ghwns\HJ_git\ML-Projects\bass_seeker\data\candidates\Feel_Good_Inc\Got 2 Grind [s4SgL1W6syU].wav,1754897779.2706647,0.9542225166585196,82.07658866114015,23.390503663262464,2152.1457985435254,2270.918112061732,4653.64264068455,0.07615215686324198,143.5546875,-16.251317977905273,514.928955078125
a650bb13db541763,C:\Users\ghwns\HJ_git\ML-Projects\bass_seeker\data\candidates\Feel_Good_Inc\His Wishlist： 43. In the Disco was One (Instrumental) [qKej0y7RDy0].wav,1754897752.3824875,0.9538912883096505,57.50272581854273,17.270797796945274,1548.8617735919486,2023.1004429400764,3402.521376176314,0.050817568440082644,107.666015625,-16.541826248168945,594.4004516601562
b91dc954dc5e53dc,C:\Users\ghwns\HJ_git\ML-Projects\bass_seeker\data\candidates\Feel_Good_Inc\Miss - Hip Hop [Audio] [zuijRF0bdiY].wav,1754897739.9804175,0.4253026000646469,26.84735246672672,13.402124014520494,2391.948046818956,2372.0425318502816,4857.4129974431635,0.10778528924148854,117.45383522727273,-19.29290008544922,579.5924682617188
86b163a44b028f07,C:\Users\ghwns\HJ_git\ML-Projects\bass_seeker\data\candidates\Feel_Good_Inc\TELEFILME - Hi-Fi Ghost [Audio] [-jid6dr145s].wav,1754897791.754848,0.6267439721756368,29.85348949387556,8.92124089594806,2328.0668091173557,2643.4308570691046,5253.216581686717,0.07796098498184109,117.45383522727273,-19.874174118041992,711.6007080078125
366ea8623c4f1bbd,C:\Users\ghwns\HJ_git\ML-Projects\bass_seeker\data\audio_raw\Give_It_Away.wav,1754445426.420203,0.30237080313475123,11.192363683412827,5.430912631567529,3092.8748712653864,2811.041738928654,6522.603673148964,0.15463361475319523,92.28515625,-26.278030395507812,574.2225952148438
daead877dbd9dcde,C:\Users\ghwns\HJ_git\ML-Projects\bass_seeker\data\candidates\Give_It_Away\Funky Alien – Aloe 141 [TGDP67M4JA8].wav,1754898113.3156228,0.27109818776789185,13.44018925215676,8.55455684475003,2470.7167819915644,2593.3182361826002,5290.733039729548,0.09294307021646178,103.359375,-25.31686019897461,423.107666015625
984db3b3b3f43686,C:\Users\ghwns\HJ_git\ML-Projects\bass_seeker\data\candidates\Give_It_Away\Got 2 Grind [s4SgL1W6syU].wav,1754898095.807549,0.9534331025317022,81.83794485903223,23.415908022862517,2173.762859123988,2279.7383573484017,4692.79621656853,0.07719823949550024,143.5546875,-16.546165466308594,521.9382934570312
bfd6d5cbc7d4b017,C:\Users\ghwns\HJ_git\ML-Projects\bass_seeker\data\candidates\Give_It_Away\His Wishlist： 43. In the Disco was One (Instrumental) [qKej0y7RDy0].wav,1754898065.5948498,0.9532694044577685,57.40773210185302,17.214036687599812,1559.2378306018331,2031.146970516143,3423.815448184594,0.051004896685320704,107.666015625,-16.52804946899414,594.1679077148438
6b6e84cda71eecbb,C:\Users\ghwns\HJ_git\ML-Projects\bass_seeker\data\candidates\Give_It_Away\Miss - Hip Hop [Audio] [zuijRF0bdiY].wav,1754898058.3519084,0.4253026000646469,26.84735246672672,13.402124014520494,2391.948046818956,2372.0425318502816,4857.4129974431635,0.10778528924148854,117.45383522727273,-19.29290008544922,579.5924682617188
dbd7889f6c094b63,C:\Users\ghwns\HJ_git\ML-Projects\bass_seeker\data\candidates\Give_It_Away\TELEFILME - Hi-Fi Ghost [Audio] [-jid6dr145s].wav,1754898088.5547507,0.6267439721756368,29.85348949387556,8.92124089594806,2328.0668091173557,2643.4308570691046,5253.216581686717,0.07796098498184109,117.45383522727273,-19.874174118041992,711.6007080078125
4fb6119e55c54a41,C:\Users\ghwns\HJ_git\ML-Projects\bass_seeker\data\audio_raw\Groove_Is_in_the_Heart.wav,1754445458.3350058,0.46460686452842187,10.028035346962179,5.327093567115536,2568.424489020121,2437.0686048444663,5386.892935493209,0.13013053087271023,117.45383522727273,-27.82978057861328,491.6978759765625
c4427426cb8fd9be,C:\Users\ghwns\HJ_git\ML-Projects\bass_seeker\data\candidates\Groove_Is_in_the_Heart\(FREE) Michael Jackson 80s type beat - Starlight Lover [8MZR9cvKURg].wav,1754898460.4404917,0.7213536449251287,26.656536212560766,23.367805230467486,1996.1577418239142,2308.255213093756,4349.971901102269,0.07971678388879654,112.34714673913044,-22.688695907592773,439.69580078125
fbd2435bec9bd161,C:\Users\ghwns\HJ_git\ML-Projects\bass_seeker\data\candidates\Groove_Is_in_the_Heart\Got 2 Grind [s4SgL1W6syU].wav,1754898437.210753,0.9542225166585196,82.07658866114015,23.390503663262464,2152.1457985435254,2270.918112061732,4653.64264068455,0.07615215686324198,143.5546875,-16.251317977905273,514.928955078125
7fb32fae58d1da13,C:\Users\ghwns\HJ_git\ML-Projects\bass_seeker\data\candidates\Groove_Is_in_the_Heart\His Wishlist： 43. In the Disco was One (Instrumental) [qKej0y7RDy0].wav,1754898400.4839644,0.9532694044577685,57.40773210185302,17.214036687599812,1559.2378306018331,2031.146970516143,3423.815448184594,0.051004896685320704,107.666015625,-16.52804946899414,594.1679077148438
e8eb93944ae697f7,C:\Users\ghwns\HJ_git\ML-Projects\bass_seeker\data\candidates\Groove_Is_in_the_Heart\Miss - Hip Hop [Audio] [zuijRF0bdiY].wav,1754898390.5231097,0.4253026000646469,26.84735246672672,13.402124014520494,2391.948046818956,2372.0425318502816,4857.4129974431635,0.10778528924148854,117.45383522727273,-19.29290008544922,579.5924682617188
50eec215b6fe0f10,C:\Users\ghwns\HJ_git\ML-Projects\bass_seeker\data\candidates\Groove_Is_in_the_Heart\TELEFILME - Hi-Fi Ghost [Audio] [-jid6dr145s].wav,1754898427.227844,0.6267439721756368,29.85348949387556,8.92124089594806,2328.0668091173557,2643.4308570691046,5253.216581686717,0.07796098498184109,117.45383522727273,-19.874174118041992,711.6007080078125
c4f211123b4d04ab,C:\Users\ghwns\HJ_git\ML-Projects\bass_seeker\data\audio_raw\Hysteria.wav,1754445407.1913106,0.45124013729444445,10.962212943099777,5.079069736339291,2222.724649392402,2240.9392512581844,4439.880866582103,0.11652007075316288,99.38401442307692,-26.019046783447266,348.85302734375
6513c1bcbe027f4a,C:\Users\ghwns\HJ_git\ML-Projects\bass_seeker\data\candidates\Hysteria\(FREE) Michael Jackson 80s type beat - Starlight Lover [8MZR9cvKURg].wav,1754898808.3135564,0.7213536449251287,26.656536212560766,23.367805230467486,1996.1577418239142,2308.255213093756,4349.971901102269,0.07971678388879654,112.34714673913044,-22.688695907592773,439.69580078125
1923c526a5f2caab,C:\Users\ghwns\HJ_git\ML-Projects\bass_seeker\data\candidates\Hysteria\Bouncy Funk Rock Bass Jam with Trills & Harmonics [VsaEJ2gfqME].wav,1754898702.2221322,0.25305126706352926,20.677389665027256,15.75980810522999,1081.242770039561,1562.5856127263228,2158.022365308263,0.043646655036407765,143.5546875,-17.697248458862305,563.4742431640625
f7f61ceec62f7fc6,C:\Users\ghwns\HJ_git\ML-Projects\bass_seeker\data\candidates\Hysteria\Got 2 Grind [s4SgL1W6syU].wav,1754898787.231289,0.9542225166585196,82.07658866114015,23.390503663262464,2152.1457985435254,2270.918112061732,4653.64264068455,0.07615215686324198,143.5546875,-16.251317977905273,514.928955078125
671c60516bc0ae23,C:\Users\ghwns\HJ_git\ML-Projects\bass_seeker\data\candidates\Hysteria\His Wishlist： 43. In the Disco was One (Instrumental) [qKej0y7RDy0].wav,1754898746.8378835,0.9538912883096505,57.50272581854273,17.270797796945274,1548.8617735919486,2023.1004429400764,3402.521376176314,0.050817568440082644,107.666015625,-16.541826248168945,594.4004516601562
da7a914691f5f6e1,C:\Users\ghwns\HJ_git\ML-Projects\bass_seeker\data\candidates\Hysteria\Miss - Hip Hop [Audio] [zuijRF0bdiY].wav,1754898734.8362412,0.4253026000646469,26.84735246672672,13.402124014520494,2391.948046818956,2372.0425318502816,4857.4129974431635,0.10778528924148854,117.45383522727273,-19.29290008544922,579.5924682617188
5e08e80bffe0f085,C:\Users\ghwns\HJ_git\ML-Projects\bass_seeker\data\candidates\Hysteria\TELEFILME - Hi-Fi Ghost [Audio] [-jid6dr145s].wav,1754898775.9600976,0.621672192571923,29.83102231868908,8.941959575632575,2357.964413371851,2658.914898125038,5317.4834255079395,0.07978024158992365,117.45383522727273,-19.74032974243164,712.1990966796875
